task,_id,index
row_based,r000016,0_1600
row_based,r016032,1600_3200
row_based,r032048,3200_4800
row_based,r048064,4800_6400
row_based,r064080,6400_8000
row_based,r080096,8000_9600
row_based,r096112,9600_11200
row_based,r112128,11200_12800
row_based,r128144,12800_14400
row_based,r144160,14400_16000
row_based,r160161,16000_16178
token_based,t000016,0_1600
token_based,t016032,1600_3200
token_based,t032048,3200_4800
token_based,t048064,4800_6400
token_based,t064080,6400_8000
token_based,t080096,8000_9600
token_based,t096112,9600_11200
token_based,t112128,11200_12800
token_based,t128144,12800_14400
token_based,t144160,14400_16000
token_based,t160161,16000_16178
